{
    "breed": "Santa_Ines",
    "sex": "m",
    "age_points": [
        1,
        60,
        180,
        210,
        360
    ],
    "target_weights": [
        3.480604548992035,
        13.414481384390301,
        23.03310958774216,
        24.809171562147586,
        24.623515583243087
    ],
    "results": {
        "brody": {
            "params": [
                25.91038424332801,
                0.8849757493232726,
                0.011128968377737573
            ],
            "rmse": 0.7274772648980775,
            "sd": 0.7274543896502186,
            "predictions": [
                3.2340957278533713,
                14.150304945275305,
                22.817096622872157,
                23.695133878091898,
                25.493096735624615
            ]
        },
        "gompertz": {
            "params": [
                24.916397475235396,
                2.000187596432918,
                0.019530617722344518
            ],
            "rmse": 0.3888320536168184,
            "sd": 0.38882942682891075,
            "predictions": [
                3.5044178429886674,
                13.40829306735196,
                23.47780113205078,
                24.105138156941475,
                24.87237871055392
            ]
        },
        "logistic": {
            "params": [
                24.412913589383557,
                4.9997964972084015,
                0.02972265734980693
            ],
            "rmse": 0.566569804046528,
            "sd": 0.5573125756262332,
            "predictions": [
                4.1707406834621,
                13.265518509880774,
                23.84683900771715,
                24.177622841141886,
                24.410162504365815
            ]
        }
    }
}
