{
    "breed": "Santa_Ines",
    "sex": "m",
    "age_points": [
        1,
        60,
        180,
        210,
        360
    ],
    "target_weights": [
        3.5500601698817444,
        13.463379991417701,
        22.415505923260916,
        24.380294825206498,
        24.941507833005094
    ],
    "results": {
        "brody": {
            "params": [
                25.844261008584304,
                0.878837360396544,
                0.010736493706006545
            ],
            "rmse": 0.5066997898979881,
            "sd": 0.5064883138476058,
            "predictions": [
                3.3739114013660125,
                13.917991173048119,
                22.55598219293801,
                23.46147722683773,
                25.36819777767894
            ]
        },
        "gompertz": {
            "params": [
                24.87255173870196,
                1.9343066229968493,
                0.018562792862174986
            ],
            "rmse": 0.44756843029350646,
            "sd": 0.4470367594621514,
            "predictions": [
                3.7248744974211876,
                13.179913454904703,
                23.226831749437583,
                23.915809413430587,
                24.812364971927387
            ]
        },
        "logistic": {
            "params": [
                24.23563115034564,
                4.917096858066161,
                0.029276657745095844
            ],
            "rmse": 0.7345199399499638,
            "sd": 0.729973795059816,
            "predictions": [
                4.196480727968268,
                13.10854018425082,
                23.637675241984084,
                23.983551856672996,
                24.232477468673395
            ]
        }
    }
}
