{"iteration": 0, "method": "INIT", "best_params": {"param_0": 25.169089561688374, "param_1": 1.0483713929692946, "param_2": 0.021799789056334277}, "best_rmse": 2.8740430523762788, "best_sd": 2.8216981128080554}
{"iteration": 10, "method": "Bandit", "best_params": {"param_0": 24.324428875059148, "param_1": 0.8773094813863855, "param_2": 0.014440294464657631}, "best_rmse": 1.1261066691948225, "best_sd": 1.1220415511056758}
{"iteration": 20, "method": "DEEP", "best_params": {"param_0": 25.04953436490767, "param_1": 0.9067449462552388, "param_2": 0.011974006799815154}, "best_rmse": 0.8971378039360017, "best_sd": 0.7574597005515262}
{"iteration": 30, "method": "DEEP", "best_params": {"param_0": 25.73627263290357, "param_1": 0.886831171541129, "param_2": 0.011395327976237019}, "best_rmse": 0.7312914836090291, "best_sd": 0.7305750911238573}
{"iteration": 40, "method": "DEEP", "best_params": {"param_0": 25.956437004605014, "param_1": 0.886221435956835, "param_2": 0.011061611578972466}, "best_rmse": 0.7280027454650554, "best_sd": 0.728002635548167}
{"iteration": 50, "method": "DEEP", "best_params": {"param_0": 25.91038424332801, "param_1": 0.8849757493232726, "param_2": 0.011128968377737573}, "best_rmse": 0.7274772648980775, "best_sd": 0.7274543896502186}
