{"iteration": 0, "method": "INIT", "best_params": {"param_0": 24.33377612886349, "param_1": 2.3678982246843376, "param_2": 0.02283902564278719}, "best_rmse": 0.6772786310907531, "best_sd": 0.5416007656912949}
{"iteration": 10, "method": "DEEP", "best_params": {"param_0": 24.7341400928662, "param_1": 1.8678738579811067, "param_2": 0.01817167652710295}, "best_rmse": 0.5322478653245589, "best_sd": 0.5099539469132209}
{"iteration": 20, "method": "DEEP", "best_params": {"param_0": 24.676096957902367, "param_1": 2.0925222761446842, "param_2": 0.020795592229594588}, "best_rmse": 0.4279789772509442, "best_sd": 0.4165213084560299}
{"iteration": 30, "method": "DEEP", "best_params": {"param_0": 24.904941604564517, "param_1": 2.0723600087575895, "param_2": 0.020293303713733897}, "best_rmse": 0.40536945864088614, "best_sd": 0.40521569984334105}
{"iteration": 40, "method": "DEEP", "best_params": {"param_0": 24.948489542127213, "param_1": 2.0028208390002114, "param_2": 0.019402279594852183}, "best_rmse": 0.3899611483699126, "best_sd": 0.3899354573806589}
{"iteration": 50, "method": "DEEP", "best_params": {"param_0": 24.916397475235396, "param_1": 2.000187596432918, "param_2": 0.019530617722344518}, "best_rmse": 0.3888320536168184, "best_sd": 0.38882942682891075}
