{"iteration": 0, "method": "INIT", "best_params": {"param_0": 25.78098090089771, "param_1": 4.130615980933423, "param_2": 0.029638048642607415}, "best_rmse": 1.6653599664416787, "best_sd": 0.5365972003519519}
{"iteration": 10, "method": "DEEP", "best_params": {"param_0": 24.664871670786372, "param_1": 4.363895217148385, "param_2": 0.026015381979802608}, "best_rmse": 0.7659049178228514, "best_sd": 0.7352704571603123}
{"iteration": 20, "method": "DEEP", "best_params": {"param_0": 24.144162139288586, "param_1": 4.748582682937591, "param_2": 0.02925569086680615}, "best_rmse": 0.6605463255766264, "best_sd": 0.6602760654496291}
{"iteration": 30, "method": "DEEP", "best_params": {"param_0": 24.232536672760737, "param_1": 4.960073606803744, "param_2": 0.03030874747145295}, "best_rmse": 0.6254562896410667, "best_sd": 0.6171814757622626}
{"iteration": 40, "method": "DEEP", "best_params": {"param_0": 24.255205992425765, "param_1": 4.9984261096951625, "param_2": 0.030232792370753818}, "best_rmse": 0.6212197857711076, "best_sd": 0.613916011701151}
{"iteration": 50, "method": "DEEP", "best_params": {"param_0": 24.258774566301117, "param_1": 4.999831607214502, "param_2": 0.030282417294730347}, "best_rmse": 0.6210686802470943, "best_sd": 0.6126376969608274}
